{"cameraMode":{"drawMode":0,"name":"Shaded","section":"Shading Mode"},"sceneLighting":true,"audioPlay":false,"sceneViewState":{"showFog":true,"showMaterialUpdate":false,"showSkybox":true,"showFlares":true,"showImageEffects":true,"showParticleSystems":true},"in2DMode":false,"pivot":{"x":0.24493537843227387,"y":-0.039885058999061587,"z":0.44419610500335696},"rotation":{"x":-0.2433733195066452,"y":0.4433061480522156,"z":-0.12642508745193482,"w":-0.8533927798271179},"size":20.48188591003418,"orthographic":false}